model,calibration_n,analysis_n,effect_sigma,w_over_sigma,trials,timing_shared_width_sigma,timing_local_width_sigma,false_admission,missed_effect,coverage,decision_coverage,floor_predictive_coverage,refusal,equiv_admission,equiv_refusal,component_dominance,joint12_dominance,median_r,median_guarded_floor_sigma
gaussian,5,10,0.0,0.5,30,0.0,0.5,0.0,,0.8083333333333333,0.9611111111111111,1.0,1.0,0.005555555555555556,0.9944444444444445,0.05555555555555555,0.0,1.468075922696158,7.416550803399662
gaussian,5,10,2.0,0.5,30,0.0,0.5,,1.0,0.6583333333333333,0.925,1.0,1.0,0.005555555555555556,0.9944444444444445,0.058333333333333334,0.0,1.472344498574707,7.402513317535279
gaussian,5,10,5.0,0.5,30,0.0,0.5,,0.9305555555555556,0.8138888888888889,0.9833333333333333,1.0,0.9305555555555556,0.0,0.9972222222222222,0.05277777777777778,0.0,1.4945250340324359,7.173152407852723
gaussian,5,30,0.0,0.5,30,0.0,0.5,0.0,,0.5083333333333333,0.875,1.0,1.0,0.011111111111111112,0.9888888888888889,0.03888888888888889,0.0,1.470936609776607,7.348070676936047
gaussian,5,30,2.0,0.5,30,0.0,0.5,,1.0,0.5083333333333333,0.9555555555555556,1.0,1.0,0.0,1.0,0.03611111111111111,0.0,1.483627985650818,7.342020358062527
gaussian,5,30,5.0,0.5,30,0.0,0.5,,0.9472222222222222,0.5694444444444444,0.925,1.0,0.9472222222222222,0.0,0.9944444444444445,0.03333333333333333,0.0,1.4670570351624268,7.439547493016195
gaussian,5,10,0.0,1.0,30,0.0,1.0,0.0,,0.7361111111111112,1.0,1.0,1.0,0.0,1.0,0.45555555555555555,0.0,1.9599444817871876,9.811225680958598
gaussian,5,10,2.0,1.0,30,0.0,1.0,,1.0,0.7611111111111111,0.9972222222222222,1.0,1.0,0.0,1.0,0.4861111111111111,0.0,1.9792396141631228,9.847675029445892
gaussian,5,10,5.0,1.0,30,0.0,1.0,,1.0,0.7305555555555555,0.9916666666666667,1.0,1.0,0.0,1.0,0.44722222222222224,0.0,1.9564115150820172,9.96116967219525
gaussian,5,30,0.0,1.0,30,0.0,1.0,0.0,,0.42777777777777776,0.9944444444444445,1.0,1.0,0.0,1.0,0.4722222222222222,0.0,1.9682005422008202,9.954759613372417
gaussian,5,30,2.0,1.0,30,0.0,1.0,,1.0,0.4861111111111111,1.0,1.0,1.0,0.0,1.0,0.5111111111111111,0.0,2.0076738902076414,9.661604345664447
gaussian,5,30,5.0,1.0,30,0.0,1.0,,1.0,0.5722222222222222,0.9916666666666667,1.0,1.0,0.0,1.0,0.5194444444444445,0.0,2.030993190593163,9.567829360580799
gaussian,5,10,0.0,2.0,30,0.0,2.0,0.0,,0.7027777777777777,1.0,1.0,1.0,0.0,1.0,0.9972222222222222,0.9666666666666667,3.044018297619397,14.973313648288972
gaussian,5,10,2.0,2.0,30,0.0,2.0,,1.0,0.6666666666666666,1.0,1.0,1.0,0.0,1.0,0.9944444444444445,0.9333333333333333,2.967068780020664,15.180836715174252
gaussian,5,10,5.0,2.0,30,0.0,2.0,,1.0,0.7472222222222222,1.0,1.0,1.0,0.0,1.0,0.9861111111111112,0.8333333333333334,3.0546247473165646,14.893226834604157
gaussian,5,30,0.0,2.0,30,0.0,2.0,0.0,,0.4777777777777778,1.0,1.0,1.0,0.0,1.0,0.9944444444444445,0.9333333333333333,2.9524738232211365,14.972785976851151
gaussian,5,30,2.0,2.0,30,0.0,2.0,,1.0,0.5611111111111111,1.0,1.0,1.0,0.0,1.0,0.9888888888888889,0.9,3.0703295084227937,14.835642597025693
gaussian,5,30,5.0,2.0,30,0.0,2.0,,1.0,0.4722222222222222,1.0,1.0,1.0,0.0,1.0,0.9972222222222222,0.9666666666666667,2.9461037626124114,15.040444818115718
gaussian,8,10,0.0,0.5,30,0.0,0.5,0.0,,0.7222222222222222,0.9611111111111111,1.0,1.0,0.2,0.8,0.002777777777777778,0.0,1.439863309134391,4.631710049132343
gaussian,8,10,2.0,0.5,30,0.0,0.5,,1.0,0.65,0.9277777777777778,0.9972222222222222,1.0,0.1527777777777778,0.8333333333333334,0.0,0.0,1.4328170284272326,4.737771189681448
gaussian,8,10,5.0,0.5,30,0.0,0.5,,0.4083333333333333,0.7722222222222223,0.9361111111111111,0.9972222222222222,0.4083333333333333,0.0,0.775,0.008333333333333333,0.0,1.4452801654368086,4.576805476608101
gaussian,8,30,0.0,0.5,30,0.0,0.5,0.0,,0.5777777777777777,0.8972222222222223,1.0,1.0,0.16111111111111112,0.8388888888888889,0.002777777777777778,0.0,1.4256647450575624,4.71258814784945
gaussian,8,30,2.0,0.5,30,0.0,0.5,,1.0,0.35,0.7472222222222222,0.9972222222222222,1.0,0.16666666666666666,0.8305555555555556,0.0,0.0,1.4150147183642896,4.860303762034885
gaussian,8,30,5.0,0.5,30,0.0,0.5,,0.35833333333333334,0.6972222222222222,0.9916666666666667,1.0,0.35833333333333334,0.0,0.7555555555555555,0.011111111111111112,0.0,1.4629990582125274,4.508039518754222
gaussian,8,10,0.0,1.0,30,0.0,1.0,0.0,,0.7222222222222222,0.9916666666666667,1.0,1.0,0.0,1.0,0.33611111111111114,0.0,1.904934986661516,6.219574319468568
gaussian,8,10,2.0,1.0,30,0.0,1.0,,1.0,0.7527777777777778,0.9916666666666667,1.0,1.0,0.0,1.0,0.3472222222222222,0.0,1.9194337791364418,6.134359359128338
gaussian,8,10,5.0,1.0,30,0.0,1.0,,0.9027777777777778,0.7305555555555555,0.9944444444444445,1.0,0.9027777777777778,0.0,1.0,0.3388888888888889,0.0,1.8918112262309232,6.227555772773094
gaussian,8,30,0.0,1.0,30,0.0,1.0,0.0,,0.5055555555555555,0.9944444444444445,1.0,1.0,0.0,1.0,0.37777777777777777,0.0,1.9039838165353227,6.1760615296513945
gaussian,8,30,2.0,1.0,30,0.0,1.0,,1.0,0.3888888888888889,0.9638888888888889,1.0,1.0,0.0,1.0,0.3111111111111111,0.0,1.8778141280917051,6.302747376410824
gaussian,8,30,5.0,1.0,30,0.0,1.0,,0.9333333333333333,0.40555555555555556,0.9805555555555555,1.0,0.9333333333333333,0.0,1.0,0.2777777777777778,0.0,1.8938563697099233,6.264110644567841
gaussian,8,10,0.0,2.0,30,0.0,2.0,0.0,,0.7083333333333334,1.0,1.0,1.0,0.0,1.0,0.9972222222222222,0.9666666666666667,2.842089772061938,9.368264212505172
gaussian,8,10,2.0,2.0,30,0.0,2.0,,1.0,0.7694444444444445,1.0,1.0,1.0,0.0,1.0,1.0,1.0,2.83774527890624,9.313419401450288
gaussian,8,10,5.0,2.0,30,0.0,2.0,,1.0,0.7444444444444445,1.0,1.0,1.0,0.0,1.0,1.0,1.0,2.837045613776299,9.36379119383454
gaussian,8,30,0.0,2.0,30,0.0,2.0,0.0,,0.5944444444444444,1.0,1.0,1.0,0.0,1.0,0.9972222222222222,0.9666666666666667,2.92333297860761,9.214525036151034
gaussian,8,30,2.0,2.0,30,0.0,2.0,,1.0,0.7111111111111111,1.0,1.0,1.0,0.0,1.0,1.0,1.0,2.9587440126156457,9.226097327792512
gaussian,8,30,5.0,2.0,30,0.0,2.0,,1.0,0.36944444444444446,1.0,1.0,1.0,0.0,1.0,0.9972222222222222,0.9666666666666667,2.8062585779244444,9.443627383797025
heavy_t3,5,10,0.0,0.5,30,0.0,0.5,0.0,,0.6916666666666667,0.9638888888888889,0.9944444444444445,1.0,0.016666666666666666,0.9833333333333333,0.17222222222222222,0.0,1.6067531235178891,6.230539640055115
heavy_t3,5,10,2.0,0.5,30,0.0,0.5,,1.0,0.7083333333333334,0.9444444444444444,0.9916666666666667,1.0,0.022222222222222223,0.9777777777777777,0.14166666666666666,0.0,1.621406394664609,6.196700030713664
heavy_t3,5,10,5.0,0.5,30,0.0,0.5,,0.8166666666666667,0.7138888888888889,0.9444444444444444,1.0,0.8166666666666667,0.0,0.9694444444444444,0.16666666666666666,0.0,1.618532933867947,6.16867348877497
heavy_t3,5,30,0.0,0.5,30,0.0,0.5,0.0,,0.4083333333333333,0.9416666666666667,1.0,1.0,0.022222222222222223,0.9777777777777777,0.12222222222222222,0.0,1.591326249276602,6.392592771969907
heavy_t3,5,30,2.0,0.5,30,0.0,0.5,,1.0,0.4861111111111111,0.9083333333333333,0.9972222222222222,1.0,0.025,0.975,0.15555555555555556,0.0,1.6184399835831467,6.2595620393029385
heavy_t3,5,30,5.0,0.5,30,0.0,0.5,,0.8,0.5777777777777777,0.8916666666666667,0.9944444444444445,0.8,0.0,0.9722222222222222,0.15,0.0,1.6546966049608491,6.087535687188898
heavy_t3,5,10,0.0,1.0,30,0.0,1.0,0.0,,0.6666666666666666,0.9888888888888889,0.9972222222222222,1.0,0.0,1.0,0.6638888888888889,0.0,2.235624557444531,8.916044491009824
heavy_t3,5,10,2.0,1.0,30,0.0,1.0,,1.0,0.7027777777777777,0.9972222222222222,1.0,1.0,0.0,1.0,0.7027777777777777,0.03333333333333333,2.235892516149206,8.807156770493748
heavy_t3,5,10,5.0,1.0,30,0.0,1.0,,1.0,0.6277777777777778,0.9944444444444445,1.0,1.0,0.0,1.0,0.6527777777777778,0.0,2.188499667301242,8.93225987765625
heavy_t3,5,30,0.0,1.0,30,0.0,1.0,0.0,,0.49444444444444446,0.9833333333333333,1.0,1.0,0.0,1.0,0.6722222222222223,0.03333333333333333,2.30016504580305,8.754102509448682
heavy_t3,5,30,2.0,1.0,30,0.0,1.0,,1.0,0.3388888888888889,0.9833333333333333,1.0,1.0,0.0,1.0,0.6888888888888889,0.0,2.264763750680868,8.827112578353056
heavy_t3,5,30,5.0,1.0,30,0.0,1.0,,1.0,0.31666666666666665,0.9166666666666666,1.0,1.0,0.0,1.0,0.6111111111111112,0.03333333333333333,2.1430761588224776,9.125650558312067
heavy_t3,5,10,0.0,2.0,30,0.0,2.0,0.0,,0.6222222222222222,1.0,1.0,1.0,0.0,1.0,0.9611111111111111,0.5666666666666667,3.619007112226219,13.919209255955705
heavy_t3,5,10,2.0,2.0,30,0.0,2.0,,1.0,0.7138888888888889,1.0,1.0,1.0,0.0,1.0,0.9361111111111111,0.4666666666666667,3.562233161907339,14.046440213390472
heavy_t3,5,10,5.0,2.0,30,0.0,2.0,,1.0,0.7277777777777777,1.0,1.0,1.0,0.0,1.0,0.9666666666666667,0.6333333333333333,3.6018533039421214,13.94902974615207
heavy_t3,5,30,0.0,2.0,30,0.0,2.0,0.0,,0.5388888888888889,1.0,1.0,1.0,0.0,1.0,0.9611111111111111,0.6333333333333333,3.581354169637595,14.044766760897623
heavy_t3,5,30,2.0,2.0,30,0.0,2.0,,1.0,0.5305555555555556,1.0,0.9972222222222222,1.0,0.0,1.0,0.9694444444444444,0.7,3.5445107229108572,13.960803992976452
heavy_t3,5,30,5.0,2.0,30,0.0,2.0,,1.0,0.5222222222222223,1.0,1.0,1.0,0.0,1.0,0.9472222222222222,0.5666666666666667,3.6576217574917425,13.841999685142415
heavy_t3,8,10,0.0,0.5,30,0.0,0.5,0.0,,0.6583333333333333,0.925,0.9944444444444445,1.0,0.4583333333333333,0.5416666666666666,0.044444444444444446,0.0,1.5352807859401265,4.094391863609291
heavy_t3,8,10,2.0,0.5,30,0.0,0.5,,0.9944444444444445,0.6444444444444445,0.9277777777777778,0.9777777777777777,0.9944444444444445,0.4527777777777778,0.5277777777777778,0.07222222222222222,0.0,1.531543430693746,4.0729380372440325
heavy_t3,8,10,5.0,0.5,30,0.0,0.5,,0.18611111111111112,0.6472222222222223,0.9361111111111111,0.9972222222222222,0.18611111111111112,0.0,0.5166666666666667,0.06666666666666667,0.0,1.5436064063954338,4.0420183392383535
heavy_t3,8,30,0.0,0.5,30,0.0,0.5,0.0,,0.4638888888888889,0.8833333333333333,0.9833333333333333,1.0,0.475,0.525,0.03611111111111111,0.0,1.541781909172816,4.063383643605747
heavy_t3,8,30,2.0,0.5,30,0.0,0.5,,1.0,0.4361111111111111,0.9222222222222223,0.9861111111111112,1.0,0.5055555555555555,0.49166666666666664,0.04722222222222222,0.0,1.5366657171100466,3.9882097348540526
heavy_t3,8,30,5.0,0.5,30,0.0,0.5,,0.32222222222222224,0.34444444444444444,0.6833333333333333,0.9694444444444444,0.32222222222222224,0.0,0.6222222222222222,0.025,0.0,1.4881119455248868,4.24545329290857
heavy_t3,8,10,0.0,1.0,30,0.0,1.0,0.0,,0.6361111111111111,0.9861111111111112,0.9916666666666667,1.0,0.002777777777777778,0.9972222222222222,0.5527777777777778,0.0,2.0643209544355017,5.715048855534334
heavy_t3,8,10,2.0,1.0,30,0.0,1.0,,1.0,0.6305555555555555,1.0,0.9972222222222222,1.0,0.0,1.0,0.5833333333333334,0.0,2.088764881244405,5.621382092080271
heavy_t3,8,10,5.0,1.0,30,0.0,1.0,,0.7083333333333334,0.6166666666666667,0.9888888888888889,0.9916666666666667,0.7083333333333334,0.0,0.9944444444444445,0.575,0.0,2.0941051246317035,5.650068636610302
heavy_t3,8,30,0.0,1.0,30,0.0,1.0,0.0,,0.5333333333333333,0.9972222222222222,1.0,1.0,0.0,1.0,0.6222222222222222,0.0,2.1622629791134447,5.51472285005764
heavy_t3,8,30,2.0,1.0,30,0.0,1.0,,1.0,0.4111111111111111,0.9638888888888889,0.9972222222222222,1.0,0.0,1.0,0.5527777777777778,0.03333333333333333,2.068875140173528,5.681678340309053
heavy_t3,8,30,5.0,1.0,30,0.0,1.0,,0.7166666666666667,0.48333333333333334,0.9944444444444445,0.9944444444444445,0.7166666666666667,0.0,1.0,0.5416666666666666,0.0,2.061147176629037,5.671660498743234
heavy_t3,8,10,0.0,2.0,30,0.0,2.0,0.0,,0.75,1.0,0.9944444444444445,1.0,0.0,1.0,0.9638888888888889,0.6666666666666666,3.441723076131118,8.6345701202325
heavy_t3,8,10,2.0,2.0,30,0.0,2.0,,1.0,0.6722222222222223,1.0,1.0,1.0,0.0,1.0,0.9527777777777777,0.5333333333333333,3.249682557577268,8.788219519717114
heavy_t3,8,10,5.0,2.0,30,0.0,2.0,,1.0,0.7166666666666667,1.0,0.9972222222222222,1.0,0.0,1.0,0.9305555555555556,0.36666666666666664,3.307636445431985,8.731874995935698
heavy_t3,8,30,0.0,2.0,30,0.0,2.0,0.0,,0.5777777777777777,1.0,1.0,1.0,0.0,1.0,0.95,0.5,3.1958984996217463,8.78289030429943
heavy_t3,8,30,2.0,2.0,30,0.0,2.0,,1.0,0.5722222222222222,1.0,1.0,1.0,0.0,1.0,0.9361111111111111,0.43333333333333335,3.2175782044981514,8.812737870260442
heavy_t3,8,30,5.0,2.0,30,0.0,2.0,,1.0,0.525,1.0,1.0,1.0,0.0,1.0,0.9583333333333334,0.5333333333333333,3.3325831979438822,8.69022222900881
linear_drift,5,10,0.0,0.5,30,0.0,0.5,0.0,,0.7694444444444445,0.9777777777777777,1.0,1.0,0.002777777777777778,0.9972222222222222,0.019444444444444445,0.0,1.4051527208395929,8.161909069427384
linear_drift,5,10,2.0,0.5,30,0.0,0.5,,1.0,0.7666666666666667,0.9472222222222222,1.0,1.0,0.0,1.0,0.016666666666666666,0.0,1.409227226609012,8.160413525112553
linear_drift,5,10,5.0,0.5,30,0.0,0.5,,0.95,0.7777777777777778,0.9694444444444444,1.0,0.95,0.0,0.9944444444444445,0.027777777777777776,0.0,1.4231444362845973,7.856069496443838
linear_drift,5,30,0.0,0.5,30,0.0,0.5,0.0,,0.5166666666666667,0.8944444444444445,1.0,1.0,0.002777777777777778,0.9972222222222222,0.008333333333333333,0.0,1.4020282027915139,8.254284750816007
linear_drift,5,30,2.0,0.5,30,0.0,0.5,,1.0,0.5777777777777777,0.9305555555555556,1.0,1.0,0.002777777777777778,0.9972222222222222,0.022222222222222223,0.0,1.4013266587617714,8.356063352882611
linear_drift,5,30,5.0,0.5,30,0.0,0.5,,0.9611111111111111,0.525,0.8888888888888888,1.0,0.9611111111111111,0.0,0.9944444444444445,0.03888888888888889,0.0,1.4138596113638806,8.132476867499719
linear_drift,5,10,0.0,1.0,30,0.0,1.0,0.0,,0.8305555555555556,0.9972222222222222,1.0,1.0,0.0,1.0,0.29444444444444445,0.0,1.8380631723102807,10.634380652364879
linear_drift,5,10,2.0,1.0,30,0.0,1.0,,1.0,0.7972222222222223,1.0,1.0,1.0,0.0,1.0,0.33611111111111114,0.0,1.8670944654710802,10.405732946543974
linear_drift,5,10,5.0,1.0,30,0.0,1.0,,1.0,0.7833333333333333,0.9944444444444445,1.0,1.0,0.0,1.0,0.33611111111111114,0.0,1.8606407612334057,10.503265755850663
linear_drift,5,30,0.0,1.0,30,0.0,1.0,0.0,,0.5833333333333334,0.9944444444444445,1.0,1.0,0.0,1.0,0.3416666666666667,0.0,1.8331399540366817,10.599814481154402
linear_drift,5,30,2.0,1.0,30,0.0,1.0,,1.0,0.5694444444444444,0.9972222222222222,1.0,1.0,0.0,1.0,0.3111111111111111,0.0,1.8421282955341773,10.608086206181923
linear_drift,5,30,5.0,1.0,30,0.0,1.0,,1.0,0.5805555555555556,1.0,1.0,1.0,0.0,1.0,0.33611111111111114,0.0,1.8727287428169868,10.372021499657405
linear_drift,5,10,0.0,2.0,30,0.0,2.0,0.0,,0.7944444444444444,1.0,1.0,1.0,0.0,1.0,0.9555555555555556,0.6666666666666666,2.728418853009085,15.684337356462997
linear_drift,5,10,2.0,2.0,30,0.0,2.0,,1.0,0.7694444444444445,1.0,1.0,1.0,0.0,1.0,0.9638888888888889,0.6666666666666666,2.7602253195421955,15.635903108896128
linear_drift,5,10,5.0,2.0,30,0.0,2.0,,1.0,0.7861111111111111,1.0,1.0,1.0,0.0,1.0,0.9583333333333334,0.6666666666666666,2.778457775586397,15.684790190287604
linear_drift,5,30,0.0,2.0,30,0.0,2.0,0.0,,0.6027777777777777,1.0,1.0,1.0,0.0,1.0,0.9861111111111112,0.8333333333333334,2.7650287514964598,15.680312513652254
linear_drift,5,30,2.0,2.0,30,0.0,2.0,,1.0,0.5138888888888888,1.0,1.0,1.0,0.0,1.0,0.9805555555555555,0.7666666666666667,2.7519844149012425,15.73581375231816
linear_drift,5,30,5.0,2.0,30,0.0,2.0,,1.0,0.5305555555555556,1.0,1.0,1.0,0.0,1.0,0.9777777777777777,0.7333333333333333,2.785105161690925,15.587591086860325
linear_drift,8,10,0.0,0.5,30,0.0,0.5,0.0,,0.7666666666666667,0.9722222222222222,1.0,1.0,0.1388888888888889,0.8611111111111112,0.002777777777777778,0.0,1.4003488853301294,5.025430308820904
linear_drift,8,10,2.0,0.5,30,0.0,0.5,,1.0,0.7833333333333333,0.9583333333333334,0.9972222222222222,1.0,0.08888888888888889,0.9083333333333333,0.002777777777777778,0.0,1.3888347358180582,5.084973572071831
linear_drift,8,10,5.0,0.5,30,0.0,0.5,,0.5611111111111111,0.6611111111111111,0.9277777777777778,0.9944444444444445,0.5611111111111111,0.0,0.9222222222222223,0.0,0.0,1.3786479792670274,5.133288590705931
linear_drift,8,30,0.0,0.5,30,0.0,0.5,0.0,,0.5944444444444444,0.9416666666666667,1.0,1.0,0.10555555555555556,0.8944444444444445,0.005555555555555556,0.0,1.389745440515151,5.067966732108704
linear_drift,8,30,2.0,0.5,30,0.0,0.5,,1.0,0.4777777777777778,0.8583333333333333,1.0,1.0,0.10277777777777777,0.8972222222222223,0.0,0.0,1.3867691912133329,5.100466953740321
linear_drift,8,30,5.0,0.5,30,0.0,0.5,,0.5388888888888889,0.4861111111111111,0.9166666666666666,0.9972222222222222,0.5388888888888889,0.0,0.8916666666666667,0.002777777777777778,0.0,1.379984279862865,5.088117177081119
linear_drift,8,10,0.0,1.0,30,0.0,1.0,0.0,,0.8444444444444444,1.0,1.0,1.0,0.0,1.0,0.2,0.0,1.7845012221407754,6.610729285974879
linear_drift,8,10,2.0,1.0,30,0.0,1.0,,1.0,0.8444444444444444,0.9972222222222222,1.0,1.0,0.0,1.0,0.25277777777777777,0.0,1.7986435109488457,6.5255315153771205
linear_drift,8,10,5.0,1.0,30,0.0,1.0,,0.9333333333333333,0.775,0.9888888888888889,1.0,0.9333333333333333,0.0,1.0,0.2388888888888889,0.0,1.801423504779132,6.595137961797523
linear_drift,8,30,0.0,1.0,30,0.0,1.0,0.0,,0.5416666666666666,0.9916666666666667,1.0,1.0,0.0,1.0,0.22777777777777777,0.0,1.8038630772746522,6.617087740540782
linear_drift,8,30,2.0,1.0,30,0.0,1.0,,1.0,0.49444444444444446,0.9888888888888889,1.0,1.0,0.0,1.0,0.21388888888888888,0.0,1.7968956661736928,6.6585124765183945
linear_drift,8,30,5.0,1.0,30,0.0,1.0,,0.9277777777777778,0.45,0.9944444444444445,1.0,0.9277777777777778,0.0,1.0,0.23333333333333334,0.0,1.7927493827504817,6.605512160563526
linear_drift,8,10,0.0,2.0,30,0.0,2.0,0.0,,0.8638888888888889,1.0,1.0,1.0,0.0,1.0,0.9944444444444445,0.9333333333333333,2.750670932837403,9.511662467910183
linear_drift,8,10,2.0,2.0,30,0.0,2.0,,1.0,0.7555555555555555,1.0,1.0,1.0,0.0,1.0,0.9805555555555555,0.7666666666666667,2.649404228205994,9.694067860077187
linear_drift,8,10,5.0,2.0,30,0.0,2.0,,1.0,0.7916666666666666,1.0,1.0,1.0,0.0,1.0,0.9833333333333333,0.8,2.6264345035889347,9.70972658937778
linear_drift,8,30,0.0,2.0,30,0.0,2.0,0.0,,0.6638888888888889,1.0,1.0,1.0,0.0,1.0,0.9777777777777777,0.8,2.6814334015184347,9.6824541474384
linear_drift,8,30,2.0,2.0,30,0.0,2.0,,1.0,0.5861111111111111,1.0,1.0,1.0,0.0,1.0,0.9805555555555555,0.7666666666666667,2.706602575384536,9.64412862720081
linear_drift,8,30,5.0,2.0,30,0.0,2.0,,1.0,0.675,1.0,1.0,1.0,0.0,1.0,0.9972222222222222,0.9666666666666667,2.742563516995056,9.569706006222795
shared_local,5,10,0.0,0.5,30,0.25,0.25,0.0,,0.4222222222222222,0.8361111111111111,1.0,1.0,0.005555555555555556,0.9944444444444445,0.09722222222222222,0.0,1.5951461798789128,6.4712502434781545
shared_local,5,10,2.0,0.5,30,0.25,0.25,,1.0,0.5277777777777778,0.7833333333333333,1.0,1.0,0.016666666666666666,0.9833333333333333,0.12222222222222222,0.0,1.628552636374561,6.226700947060605
shared_local,5,10,5.0,0.5,30,0.25,0.25,,0.8194444444444444,0.5888888888888889,0.8694444444444445,1.0,0.8194444444444444,0.0,0.9805555555555555,0.12777777777777777,0.0,1.6160044746266997,6.2311362676694415
shared_local,5,30,0.0,0.5,30,0.25,0.25,0.0,,0.19444444444444445,0.6555555555555556,1.0,1.0,0.016666666666666666,0.9833333333333333,0.09722222222222222,0.0,1.6263135627030962,6.287870151447259
shared_local,5,30,2.0,0.5,30,0.25,0.25,,1.0,0.30833333333333335,0.6694444444444444,1.0,1.0,0.013888888888888888,0.9861111111111112,0.1,0.0,1.5878022514947134,6.4243049864551
shared_local,5,30,5.0,0.5,30,0.25,0.25,,0.8166666666666667,0.2361111111111111,0.6805555555555556,1.0,0.8166666666666667,0.0,0.9861111111111112,0.13055555555555556,0.0,1.6083042370105867,6.39114719142165
shared_local,5,10,0.0,1.0,30,0.5,0.5,0.0,,0.4583333333333333,0.9555555555555556,1.0,1.0,0.0,1.0,0.675,0.0,2.1598765913214493,9.213311843447322
shared_local,5,10,2.0,1.0,30,0.5,0.5,,1.0,0.41388888888888886,0.875,1.0,1.0,0.0,1.0,0.6416666666666667,0.0,2.1402144323783996,9.27692411071021
shared_local,5,10,5.0,1.0,30,0.5,0.5,,1.0,0.6638888888888889,0.975,1.0,1.0,0.0,1.0,0.7527777777777778,0.03333333333333333,2.242770594190392,8.86711767902935
shared_local,5,30,0.0,1.0,30,0.5,0.5,0.0,,0.3194444444444444,0.7722222222222223,1.0,1.0,0.0,1.0,0.6555555555555556,0.03333333333333333,2.157641916099466,9.222718987218883
shared_local,5,30,2.0,1.0,30,0.5,0.5,,1.0,0.24722222222222223,0.9166666666666666,1.0,1.0,0.0,1.0,0.6833333333333333,0.06666666666666667,2.1477856177483163,9.179276771848059
shared_local,5,30,5.0,1.0,30,0.5,0.5,,1.0,0.25555555555555554,0.9277777777777778,1.0,1.0,0.0,1.0,0.7222222222222222,0.1,2.2135519307526,8.98026261810936
shared_local,5,10,0.0,2.0,30,1.0,1.0,0.0,,0.41388888888888886,0.9972222222222222,1.0,1.0,0.0,1.0,0.9944444444444445,0.9333333333333333,2.935861606853535,15.32523307136615
shared_local,5,10,2.0,2.0,30,1.0,1.0,,1.0,0.5833333333333334,0.9944444444444445,1.0,1.0,0.0,1.0,0.9916666666666667,0.9,3.028488934536904,15.01093664104053
shared_local,5,10,5.0,2.0,30,1.0,1.0,,1.0,0.4,1.0,1.0,1.0,0.0,1.0,0.9916666666666667,0.9,2.9399348780878363,15.23867720903255
shared_local,5,30,0.0,2.0,30,1.0,1.0,0.0,,0.3333333333333333,1.0,1.0,1.0,0.0,1.0,0.9972222222222222,0.9666666666666667,3.0435727177173164,14.889540529225403
shared_local,5,30,2.0,2.0,30,1.0,1.0,,1.0,0.325,1.0,1.0,1.0,0.0,1.0,0.9888888888888889,0.8666666666666667,2.9570744765104413,15.091266030334733
shared_local,5,30,5.0,2.0,30,1.0,1.0,,1.0,0.2388888888888889,0.9833333333333333,1.0,1.0,0.0,1.0,0.9888888888888889,0.9,3.011391138054215,15.113508992915275
shared_local,8,10,0.0,0.5,30,0.25,0.25,0.0,,0.4444444444444444,0.775,1.0,1.0,0.4722222222222222,0.5277777777777778,0.027777777777777776,0.0,1.546760586812718,4.067880948216461
shared_local,8,10,2.0,0.5,30,0.25,0.25,,0.9972222222222222,0.48333333333333334,0.8611111111111112,0.9972222222222222,0.9972222222222222,0.4583333333333333,0.5277777777777778,0.03888888888888889,0.0,1.5478974038855178,4.074217892702489
shared_local,8,10,5.0,0.5,30,0.25,0.25,,0.16666666666666666,0.46944444444444444,0.8666666666666667,1.0,0.16666666666666666,0.0,0.49444444444444446,0.03888888888888889,0.0,1.570269046714309,3.994617122888993
shared_local,8,30,0.0,0.5,30,0.25,0.25,0.0,,0.25,0.6972222222222222,1.0,1.0,0.41944444444444445,0.5805555555555556,0.03888888888888889,0.0,1.5353704861825346,4.176526576978939
shared_local,8,30,2.0,0.5,30,0.25,0.25,,1.0,0.3388888888888889,0.7083333333333334,1.0,1.0,0.48333333333333334,0.5111111111111111,0.03333333333333333,0.0,1.564573501202569,4.01908500179459
shared_local,8,30,5.0,0.5,30,0.25,0.25,,0.1361111111111111,0.3333333333333333,0.6555555555555556,1.0,0.1361111111111111,0.0,0.5388888888888889,0.05277777777777778,0.0,1.5506228548914942,4.073781087874863
shared_local,8,10,0.0,1.0,30,0.5,0.5,0.0,,0.40555555555555556,0.9722222222222222,1.0,1.0,0.0,1.0,0.5972222222222222,0.03333333333333333,2.080996052138025,5.728900250671412
shared_local,8,10,2.0,1.0,30,0.5,0.5,,1.0,0.40555555555555556,0.9444444444444444,1.0,1.0,0.0,1.0,0.5472222222222223,0.03333333333333333,2.028936669902434,5.869653312858384
shared_local,8,10,5.0,1.0,30,0.5,0.5,,0.7027777777777777,0.5416666666666666,0.9166666666666666,1.0,0.7027777777777777,0.0,1.0,0.6083333333333333,0.0,2.077911686963269,5.709588368700074
shared_local,8,30,0.0,1.0,30,0.5,0.5,0.0,,0.30833333333333335,0.875,1.0,1.0,0.002777777777777778,0.9972222222222222,0.5916666666666667,0.06666666666666667,2.07310959424241,5.725740028842299
shared_local,8,30,2.0,1.0,30,0.5,0.5,,1.0,0.3277777777777778,0.9277777777777778,1.0,1.0,0.002777777777777778,0.9972222222222222,0.6083333333333333,0.03333333333333333,2.086342517894077,5.748509592451729
shared_local,8,30,5.0,1.0,30,0.5,0.5,,0.7722222222222223,0.3638888888888889,0.925,1.0,0.7722222222222223,0.0,0.9972222222222222,0.6583333333333333,0.03333333333333333,2.1407885276578806,5.568920358904876
shared_local,8,10,0.0,2.0,30,1.0,1.0,0.0,,0.37222222222222223,1.0,1.0,1.0,0.0,1.0,0.9944444444444445,0.9333333333333333,2.764073268528811,9.56427415789984
shared_local,8,10,2.0,2.0,30,1.0,1.0,,1.0,0.4444444444444444,1.0,1.0,1.0,0.0,1.0,0.9972222222222222,0.9666666666666667,2.809335236259786,9.421461607645174
shared_local,8,10,5.0,2.0,30,1.0,1.0,,1.0,0.5277777777777778,1.0,1.0,1.0,0.0,1.0,0.9916666666666667,0.9,2.844328309116851,9.396659144868497
shared_local,8,30,0.0,2.0,30,1.0,1.0,0.0,,0.30833333333333335,0.9861111111111112,1.0,1.0,0.0,1.0,0.9805555555555555,0.9,2.7784094692702244,9.537256120693536
shared_local,8,30,2.0,2.0,30,1.0,1.0,,1.0,0.23333333333333334,0.9777777777777777,1.0,1.0,0.0,1.0,0.9888888888888889,0.9666666666666667,2.7990504995439496,9.45519063059282
shared_local,8,30,5.0,2.0,30,1.0,1.0,,1.0,0.21944444444444444,1.0,1.0,1.0,0.0,1.0,0.9916666666666667,0.9,2.755684529845301,9.550047495243936
