packet_path	source
1-registration-and-arms/preregistration_d079_epoch_25g83_rev1.md	/Users/edr/code/JouleWise-derive-rev6b1/configs/calibration/preregistration_d079_epoch_25g83_rev1.md
1-registration-and-arms/c1/arm-steps/step0.out	/Users/edr/code/JouleWise-derive-rev6b1/docs/process_traces/2026-09-30-activation-e4df3b93/c1-rearm/step0.out
1-registration-and-arms/c1/arm-steps/step1.out	/Users/edr/code/JouleWise-derive-rev6b1/docs/process_traces/2026-09-30-activation-e4df3b93/c1-rearm/step1.out
1-registration-and-arms/c1/arm-steps/step2.out	/Users/edr/code/JouleWise-derive-rev6b1/docs/process_traces/2026-09-30-activation-e4df3b93/c1-rearm/step2.out
1-registration-and-arms/c1/arm-steps/step3.out	/Users/edr/code/JouleWise-derive-rev6b1/docs/process_traces/2026-09-30-activation-e4df3b93/c1-rearm/step3.out
1-registration-and-arms/c1/arm-steps/step3b.out	/Users/edr/code/JouleWise-derive-rev6b1/docs/process_traces/2026-09-30-activation-e4df3b93/c1-rearm/step3b.out
1-registration-and-arms/c1/arm-steps/step4.out	/Users/edr/code/JouleWise-derive-rev6b1/docs/process_traces/2026-09-30-activation-e4df3b93/c1-rearm/step4.out
1-registration-and-arms/c1/arm-steps/step5.out	/Users/edr/code/JouleWise-derive-rev6b1/docs/process_traces/2026-09-30-activation-e4df3b93/c1-rearm/step5.out
1-registration-and-arms/c1/arm-steps/step5_1.out	/Users/edr/code/JouleWise-derive-rev6b1/docs/process_traces/2026-09-30-activation-e4df3b93/c1-rearm/step5_1.out
1-registration-and-arms/c1/arm-steps/step5x.out	/Users/edr/code/JouleWise-derive-rev6b1/docs/process_traces/2026-09-30-activation-e4df3b93/c1-rearm/step5x.out
1-registration-and-arms/c1/arm-staging/arm-env.zsh	/Users/edr/night-plan-staging/d079-epoch-25g83-r6-derivation-c1-20261001T0617Z/arm-env.zsh
1-registration-and-arms/c1/arm-staging/battery-gate.txt	/Users/edr/night-plan-staging/d079-epoch-25g83-r6-derivation-c1-20261001T0617Z/battery-gate.txt
1-registration-and-arms/c1/arm-staging/schedule.json	/Users/edr/night-plan-staging/d079-epoch-25g83-r6-derivation-c1-20261001T0617Z/schedule.json
1-registration-and-arms/c1/arm-staging/render-context.json	/Users/edr/night-plan-staging/d079-epoch-25g83-r6-derivation-c1-20261001T0617Z/render-context.json
1-registration-and-arms/c1/arm-staging/arm-attempts-000001/arm-census-1.json	/Users/edr/night-plan-staging/d079-epoch-25g83-r6-derivation-c1-20261001T0617Z/arm-attempts/000001/arm-census-1.json
1-registration-and-arms/c1/arm-staging/arm-attempts-000001/arm-census-2.json	/Users/edr/night-plan-staging/d079-epoch-25g83-r6-derivation-c1-20261001T0617Z/arm-attempts/000001/arm-census-2.json
1-registration-and-arms/c1/arm-staging/arm-attempts-000001/arm-census-final.json	/Users/edr/night-plan-staging/d079-epoch-25g83-r6-derivation-c1-20261001T0617Z/arm-attempts/000001/arm-census-final.json
1-registration-and-arms/c1/arm-staging/arm-attempts-000001/attempts.json	/Users/edr/night-plan-staging/d079-epoch-25g83-r6-derivation-c1-20261001T0617Z/arm-attempts/000001/attempts.json
1-registration-and-arms/c1/arm-staging/arm-attempts-000001/directives-prepub.json	/Users/edr/night-plan-staging/d079-epoch-25g83-r6-derivation-c1-20261001T0617Z/arm-attempts/000001/directives-prepub.json
1-registration-and-arms/c1/arm-staging/arm-attempts-000001/notice-body.txt	/Users/edr/night-plan-staging/d079-epoch-25g83-r6-derivation-c1-20261001T0617Z/arm-attempts/000001/notice-body.txt
1-registration-and-arms/c1/arm-staging/arm-attempts-000001/notice-evidence.txt	/Users/edr/night-plan-staging/d079-epoch-25g83-r6-derivation-c1-20261001T0617Z/arm-attempts/000001/notice-evidence.txt
1-registration-and-arms/c1/arm-staging/arm-attempts-000001/notice-sent-body.txt	/Users/edr/night-plan-staging/d079-epoch-25g83-r6-derivation-c1-20261001T0617Z/arm-attempts/000001/notice-sent-body.txt
1-registration-and-arms/c1/arm-staging/arm-attempts-000001/notice.json	/Users/edr/night-plan-staging/d079-epoch-25g83-r6-derivation-c1-20261001T0617Z/arm-attempts/000001/notice.json
1-registration-and-arms/c1/arm-staging/arm-attempts-000001/plan.json	/Users/edr/night-plan-staging/d079-epoch-25g83-r6-derivation-c1-20261001T0617Z/arm-attempts/000001/plan.json
1-registration-and-arms/c1/arm-staging/arm-attempts-000001/raw-pgrep.txt	/Users/edr/night-plan-staging/d079-epoch-25g83-r6-derivation-c1-20261001T0617Z/arm-attempts/000001/raw-pgrep.txt
1-registration-and-arms/c1/custody-arm/night_plan.json	/Users/edr/night-custody/d079-epoch-25g83-r6-derivation-c1-20261001T0617Z/night_plan.json
1-registration-and-arms/c1/custody-arm/calibration_plan.json	/Users/edr/night-custody/d079-epoch-25g83-r6-derivation-c1-20261001T0617Z/calibration_plan.json
1-registration-and-arms/c1/custody-arm/chain.zsh	/Users/edr/night-custody/d079-epoch-25g83-r6-derivation-c1-20261001T0617Z/chain.zsh
1-registration-and-arms/c1/custody-arm/chain.zsh.sha256	/Users/edr/night-custody/d079-epoch-25g83-r6-derivation-c1-20261001T0617Z/chain.zsh.sha256
1-registration-and-arms/c1/custody-arm/chain.zsh.chain-source.sha256	/Users/edr/night-custody/d079-epoch-25g83-r6-derivation-c1-20261001T0617Z/chain.zsh.chain-source.sha256
1-registration-and-arms/c1/custody-arm/identity-epoch.json	/Users/edr/night-custody/d079-epoch-25g83-r6-derivation-c1-20261001T0617Z/identity-epoch.json
1-registration-and-arms/c1/custody-arm/t1-bindings.json	/Users/edr/night-custody/d079-epoch-25g83-r6-derivation-c1-20261001T0617Z/t1-bindings.json
1-registration-and-arms/c1/custody-arm/start_conditions_manifest.json	/Users/edr/night-custody/d079-epoch-25g83-r6-derivation-c1-20261001T0617Z/start_conditions_manifest.json
1-registration-and-arms/c1/custody-arm/night_probe_receipt.json	/Users/edr/night-custody/d079-epoch-25g83-r6-derivation-c1-20261001T0617Z/night_probe_receipt.json
1-registration-and-arms/c1/custody-arm/night_probe_receipt.pending.json.process.json	/Users/edr/night-custody/d079-epoch-25g83-r6-derivation-c1-20261001T0617Z/night_probe_receipt.pending.json.process.json
1-registration-and-arms/c1/custody-arm/night-probe.out	/Users/edr/night-custody/d079-epoch-25g83-r6-derivation-c1-20261001T0617Z/night-probe.out
1-registration-and-arms/c1/custody-arm/night-probe.err	/Users/edr/night-custody/d079-epoch-25g83-r6-derivation-c1-20261001T0617Z/night-probe.err
1-registration-and-arms/c2/arm-steps/step0.c2.out	/Users/edr/night-plan-staging/r6-bench/step0.c2.out
1-registration-and-arms/c2/arm-steps/step1.c2.out	/Users/edr/night-plan-staging/r6-bench/step1.c2.out
1-registration-and-arms/c2/arm-steps/step2.c2.out	/Users/edr/night-plan-staging/r6-bench/step2.c2.out
1-registration-and-arms/c2/arm-steps/step3.c2.out	/Users/edr/night-plan-staging/r6-bench/step3.c2.out
1-registration-and-arms/c2/arm-steps/step3b.c2.out	/Users/edr/night-plan-staging/r6-bench/step3b.c2.out
1-registration-and-arms/c2/arm-steps/step4.c2.out	/Users/edr/night-plan-staging/r6-bench/step4.c2.out
1-registration-and-arms/c2/arm-steps/step5.c2.out	/Users/edr/night-plan-staging/r6-bench/step5.c2.out
1-registration-and-arms/c2/arm-steps/step5_1.c2.out	/Users/edr/night-plan-staging/r6-bench/step5_1.c2.out
1-registration-and-arms/c2/arm-staging/arm-env.zsh	/Users/edr/night-plan-staging/d079-epoch-25g83-r6-derivation-c2-20261001T2252Z/arm-env.zsh
1-registration-and-arms/c2/arm-staging/battery-gate.txt	/Users/edr/night-plan-staging/d079-epoch-25g83-r6-derivation-c2-20261001T2252Z/battery-gate.txt
1-registration-and-arms/c2/arm-staging/schedule.json	/Users/edr/night-plan-staging/d079-epoch-25g83-r6-derivation-c2-20261001T2252Z/schedule.json
1-registration-and-arms/c2/arm-staging/render-context.json	/Users/edr/night-plan-staging/d079-epoch-25g83-r6-derivation-c2-20261001T2252Z/render-context.json
1-registration-and-arms/c2/arm-staging/arm-attempts-000001/arm-census-1.json	/Users/edr/night-plan-staging/d079-epoch-25g83-r6-derivation-c2-20261001T2252Z/arm-attempts/000001/arm-census-1.json
1-registration-and-arms/c2/arm-staging/arm-attempts-000001/arm-census-2.json	/Users/edr/night-plan-staging/d079-epoch-25g83-r6-derivation-c2-20261001T2252Z/arm-attempts/000001/arm-census-2.json
1-registration-and-arms/c2/arm-staging/arm-attempts-000001/arm-census-final.json	/Users/edr/night-plan-staging/d079-epoch-25g83-r6-derivation-c2-20261001T2252Z/arm-attempts/000001/arm-census-final.json
1-registration-and-arms/c2/arm-staging/arm-attempts-000001/attempts.json	/Users/edr/night-plan-staging/d079-epoch-25g83-r6-derivation-c2-20261001T2252Z/arm-attempts/000001/attempts.json
1-registration-and-arms/c2/arm-staging/arm-attempts-000001/directives-prepub.json	/Users/edr/night-plan-staging/d079-epoch-25g83-r6-derivation-c2-20261001T2252Z/arm-attempts/000001/directives-prepub.json
1-registration-and-arms/c2/arm-staging/arm-attempts-000001/notice-body.txt	/Users/edr/night-plan-staging/d079-epoch-25g83-r6-derivation-c2-20261001T2252Z/arm-attempts/000001/notice-body.txt
1-registration-and-arms/c2/arm-staging/arm-attempts-000001/notice-evidence.txt	/Users/edr/night-plan-staging/d079-epoch-25g83-r6-derivation-c2-20261001T2252Z/arm-attempts/000001/notice-evidence.txt
1-registration-and-arms/c2/arm-staging/arm-attempts-000001/notice-sent-body.txt	/Users/edr/night-plan-staging/d079-epoch-25g83-r6-derivation-c2-20261001T2252Z/arm-attempts/000001/notice-sent-body.txt
1-registration-and-arms/c2/arm-staging/arm-attempts-000001/notice.json	/Users/edr/night-plan-staging/d079-epoch-25g83-r6-derivation-c2-20261001T2252Z/arm-attempts/000001/notice.json
1-registration-and-arms/c2/arm-staging/arm-attempts-000001/plan.json	/Users/edr/night-plan-staging/d079-epoch-25g83-r6-derivation-c2-20261001T2252Z/arm-attempts/000001/plan.json
1-registration-and-arms/c2/arm-staging/arm-attempts-000001/raw-pgrep.txt	/Users/edr/night-plan-staging/d079-epoch-25g83-r6-derivation-c2-20261001T2252Z/arm-attempts/000001/raw-pgrep.txt
1-registration-and-arms/c2/custody-arm/night_plan.json	/Users/edr/night-custody/d079-epoch-25g83-r6-derivation-c2-20261001T2252Z/night_plan.json
1-registration-and-arms/c2/custody-arm/calibration_plan.json	/Users/edr/night-custody/d079-epoch-25g83-r6-derivation-c2-20261001T2252Z/calibration_plan.json
1-registration-and-arms/c2/custody-arm/chain.zsh	/Users/edr/night-custody/d079-epoch-25g83-r6-derivation-c2-20261001T2252Z/chain.zsh
1-registration-and-arms/c2/custody-arm/chain.zsh.sha256	/Users/edr/night-custody/d079-epoch-25g83-r6-derivation-c2-20261001T2252Z/chain.zsh.sha256
1-registration-and-arms/c2/custody-arm/chain.zsh.chain-source.sha256	/Users/edr/night-custody/d079-epoch-25g83-r6-derivation-c2-20261001T2252Z/chain.zsh.chain-source.sha256
1-registration-and-arms/c2/custody-arm/identity-epoch.json	/Users/edr/night-custody/d079-epoch-25g83-r6-derivation-c2-20261001T2252Z/identity-epoch.json
1-registration-and-arms/c2/custody-arm/t1-bindings.json	/Users/edr/night-custody/d079-epoch-25g83-r6-derivation-c2-20261001T2252Z/t1-bindings.json
1-registration-and-arms/c2/custody-arm/start_conditions_manifest.json	/Users/edr/night-custody/d079-epoch-25g83-r6-derivation-c2-20261001T2252Z/start_conditions_manifest.json
1-registration-and-arms/c2/custody-arm/night_probe_receipt.json	/Users/edr/night-custody/d079-epoch-25g83-r6-derivation-c2-20261001T2252Z/night_probe_receipt.json
1-registration-and-arms/c2/custody-arm/night_probe_receipt.pending.json.process.json	/Users/edr/night-custody/d079-epoch-25g83-r6-derivation-c2-20261001T2252Z/night_probe_receipt.pending.json.process.json
1-registration-and-arms/c2/custody-arm/night-probe.out	/Users/edr/night-custody/d079-epoch-25g83-r6-derivation-c2-20261001T2252Z/night-probe.out
1-registration-and-arms/c2/custody-arm/night-probe.err	/Users/edr/night-custody/d079-epoch-25g83-r6-derivation-c2-20261001T2252Z/night-probe.err
2-candidate/candidate_acceptance_25g83_rev6.json	/Users/edr/code/JouleWise-derive-rev6b1/docs/process_traces/rev6-derivation-block1/candidate_acceptance_25g83_rev6.json
2-candidate/invocation.md	/Users/edr/code/JouleWise-derive-rev6b1/docs/process_traces/rev6-derivation-block1/invocation.md
2-candidate/prepare-candidate-run3.out.txt	/Users/edr/code/JouleWise-derive-rev6b1/docs/process_traces/rev6-derivation-block1/prepare-candidate-run3.out.txt
2-candidate/verify-members.out.txt	/Users/edr/code/JouleWise-derive-rev6b1/docs/process_traces/rev6-derivation-block1/verify-members.out.txt
2-candidate/r9_campaign.json	/Users/edr/code/JouleWise-derive-rev6b1/docs/process_traces/rev6-derivation-block1/r9_campaign.json
3-chain-logs-and-harvest/c1/night.log	/Users/edr/night-custody/d079-epoch-25g83-r6-derivation-c1-20261001T0617Z/night.log
3-chain-logs-and-harvest/c1/operator_logs/derivation-chain.log	/Users/edr/night-custody/d079-epoch-25g83-r6-derivation-c1-20261001T0617Z/operator_logs/derivation-chain.log
3-chain-logs-and-harvest/c1/night/censuses.jsonl	/Users/edr/night-custody/d079-epoch-25g83-r6-derivation-c1-20261001T0617Z/night/censuses.jsonl
3-chain-logs-and-harvest/c1/night/chain.exited	/Users/edr/night-custody/d079-epoch-25g83-r6-derivation-c1-20261001T0617Z/night/chain.exited
3-chain-logs-and-harvest/c1/night/chain.started	/Users/edr/night-custody/d079-epoch-25g83-r6-derivation-c1-20261001T0617Z/night/chain.started
3-chain-logs-and-harvest/c1/night/chain.stderr.log	/Users/edr/night-custody/d079-epoch-25g83-r6-derivation-c1-20261001T0617Z/night/chain.stderr.log
3-chain-logs-and-harvest/c1/night/chain.stdout.log	/Users/edr/night-custody/d079-epoch-25g83-r6-derivation-c1-20261001T0617Z/night/chain.stdout.log
3-chain-logs-and-harvest/c1/night/clean_dwell.json	/Users/edr/night-custody/d079-epoch-25g83-r6-derivation-c1-20261001T0617Z/night/clean_dwell.json
3-chain-logs-and-harvest/c1/night/clean_dwell.output.txt	/Users/edr/night-custody/d079-epoch-25g83-r6-derivation-c1-20261001T0617Z/night/clean_dwell.output.txt
3-chain-logs-and-harvest/c1/night/courier.attempts.jsonl	/Users/edr/night-custody/d079-epoch-25g83-r6-derivation-c1-20261001T0617Z/night/courier.attempts.jsonl
3-chain-logs-and-harvest/c1/night/courier.heartbeat	/Users/edr/night-custody/d079-epoch-25g83-r6-derivation-c1-20261001T0617Z/night/courier.heartbeat
3-chain-logs-and-harvest/c1/night/courier.json	/Users/edr/night-custody/d079-epoch-25g83-r6-derivation-c1-20261001T0617Z/night/courier.json
3-chain-logs-and-harvest/c1/night/courier.sent	/Users/edr/night-custody/d079-epoch-25g83-r6-derivation-c1-20261001T0617Z/night/courier.sent
3-chain-logs-and-harvest/c1/night/launchd.night.err	/Users/edr/night-custody/d079-epoch-25g83-r6-derivation-c1-20261001T0617Z/night/launchd.night.err
3-chain-logs-and-harvest/c1/night/launchd.night.out	/Users/edr/night-custody/d079-epoch-25g83-r6-derivation-c1-20261001T0617Z/night/launchd.night.out
3-chain-logs-and-harvest/c1/night/network_time_off.json	/Users/edr/night-custody/d079-epoch-25g83-r6-derivation-c1-20261001T0617Z/night/network_time_off.json
3-chain-logs-and-harvest/c1/night/receipt.json	/Users/edr/night-custody/d079-epoch-25g83-r6-derivation-c1-20261001T0617Z/night/receipt.json
3-chain-logs-and-harvest/c1/night/result.json	/Users/edr/night-custody/d079-epoch-25g83-r6-derivation-c1-20261001T0617Z/night/result.json
3-chain-logs-and-harvest/c1/night/start_conditions.json	/Users/edr/night-custody/d079-epoch-25g83-r6-derivation-c1-20261001T0617Z/night/start_conditions.json
3-chain-logs-and-harvest/c1/harvest/r9_window.json	/Users/edr/night-archive/harvest-d079-epoch-25g83-r6-derivation-c1-20261001T0617Z/custody-root/harvest/r9_window.json
3-chain-logs-and-harvest/c1/harvest-stdout/harvest-a.out	/Users/edr/night-plan-staging/d079-epoch-25g83-r6-derivation-c1-20261001T0617Z/harvest-a.out
3-chain-logs-and-harvest/c1/harvest-stdout/harvest-b.out	/Users/edr/night-plan-staging/d079-epoch-25g83-r6-derivation-c1-20261001T0617Z/harvest-b.out
3-chain-logs-and-harvest/c1/harvest-stdout/harvest-c.out	/Users/edr/night-plan-staging/d079-epoch-25g83-r6-derivation-c1-20261001T0617Z/harvest-c.out
3-chain-logs-and-harvest/c1/harvest-stdout/harvest-pin.env	/Users/edr/night-plan-staging/d079-epoch-25g83-r6-derivation-c1-20261001T0617Z/harvest-pin.env
3-chain-logs-and-harvest/c1/battery_float_verdict.json	/Users/edr/code/JouleWise-derive-rev6b1/configs/calibration/battery_float_verdicts/d079-epoch-25g83-r6-20261001T0617Z.json
3-chain-logs-and-harvest/c2/night.log	/Users/edr/night-custody/d079-epoch-25g83-r6-derivation-c2-20261001T2252Z/night.log
3-chain-logs-and-harvest/c2/operator_logs/derivation-chain.log	/Users/edr/night-custody/d079-epoch-25g83-r6-derivation-c2-20261001T2252Z/operator_logs/derivation-chain.log
3-chain-logs-and-harvest/c2/night/censuses.jsonl	/Users/edr/night-custody/d079-epoch-25g83-r6-derivation-c2-20261001T2252Z/night/censuses.jsonl
3-chain-logs-and-harvest/c2/night/chain.exited	/Users/edr/night-custody/d079-epoch-25g83-r6-derivation-c2-20261001T2252Z/night/chain.exited
3-chain-logs-and-harvest/c2/night/chain.started	/Users/edr/night-custody/d079-epoch-25g83-r6-derivation-c2-20261001T2252Z/night/chain.started
3-chain-logs-and-harvest/c2/night/chain.stderr.log	/Users/edr/night-custody/d079-epoch-25g83-r6-derivation-c2-20261001T2252Z/night/chain.stderr.log
3-chain-logs-and-harvest/c2/night/chain.stdout.log	/Users/edr/night-custody/d079-epoch-25g83-r6-derivation-c2-20261001T2252Z/night/chain.stdout.log
3-chain-logs-and-harvest/c2/night/clean_dwell.json	/Users/edr/night-custody/d079-epoch-25g83-r6-derivation-c2-20261001T2252Z/night/clean_dwell.json
3-chain-logs-and-harvest/c2/night/clean_dwell.output.txt	/Users/edr/night-custody/d079-epoch-25g83-r6-derivation-c2-20261001T2252Z/night/clean_dwell.output.txt
3-chain-logs-and-harvest/c2/night/courier.attempts.jsonl	/Users/edr/night-custody/d079-epoch-25g83-r6-derivation-c2-20261001T2252Z/night/courier.attempts.jsonl
3-chain-logs-and-harvest/c2/night/courier.heartbeat	/Users/edr/night-custody/d079-epoch-25g83-r6-derivation-c2-20261001T2252Z/night/courier.heartbeat
3-chain-logs-and-harvest/c2/night/courier.json	/Users/edr/night-custody/d079-epoch-25g83-r6-derivation-c2-20261001T2252Z/night/courier.json
3-chain-logs-and-harvest/c2/night/courier.sent	/Users/edr/night-custody/d079-epoch-25g83-r6-derivation-c2-20261001T2252Z/night/courier.sent
3-chain-logs-and-harvest/c2/night/launchd.night.err	/Users/edr/night-custody/d079-epoch-25g83-r6-derivation-c2-20261001T2252Z/night/launchd.night.err
3-chain-logs-and-harvest/c2/night/launchd.night.out	/Users/edr/night-custody/d079-epoch-25g83-r6-derivation-c2-20261001T2252Z/night/launchd.night.out
3-chain-logs-and-harvest/c2/night/network_time_off.json	/Users/edr/night-custody/d079-epoch-25g83-r6-derivation-c2-20261001T2252Z/night/network_time_off.json
3-chain-logs-and-harvest/c2/night/receipt.json	/Users/edr/night-custody/d079-epoch-25g83-r6-derivation-c2-20261001T2252Z/night/receipt.json
3-chain-logs-and-harvest/c2/night/result.json	/Users/edr/night-custody/d079-epoch-25g83-r6-derivation-c2-20261001T2252Z/night/result.json
3-chain-logs-and-harvest/c2/night/start_conditions.json	/Users/edr/night-custody/d079-epoch-25g83-r6-derivation-c2-20261001T2252Z/night/start_conditions.json
3-chain-logs-and-harvest/c2/harvest/r9_window.json	/Users/edr/night-archive/harvest-d079-epoch-25g83-r6-derivation-c2-20261001T2252Z/custody-root/harvest/r9_window.json
3-chain-logs-and-harvest/c2/battery_float_verdict.json	/Users/edr/code/JouleWise-derive-rev6b1/configs/calibration/battery_float_verdicts/d079-epoch-25g83-r6-20261001T2252Z.json
3-chain-logs-and-harvest/calibration_observation_ledger.jsonl	/Users/edr/night-custody/measurement/JouleWise-measurement-20261001T2252Z-r6-c2/runs/calibration_observation_ledger.jsonl
3-chain-logs-and-harvest/calibration_ledger_head.json	/Users/edr/code/JouleWise-derive-rev6b1/configs/calibration/calibration_ledger_head.json
3-chain-logs-and-harvest/unregistered-attempts/c1-20261001T0137Z/night.log	/Users/edr/night-custody/d079-epoch-25g83-r6-derivation-c1-20261001T0137Z/night.log
3-chain-logs-and-harvest/unregistered-attempts/c1-20261001T0137Z/night/censuses.jsonl	/Users/edr/night-custody/d079-epoch-25g83-r6-derivation-c1-20261001T0137Z/night/censuses.jsonl
3-chain-logs-and-harvest/unregistered-attempts/c1-20261001T0137Z/night/courier.attempts.jsonl	/Users/edr/night-custody/d079-epoch-25g83-r6-derivation-c1-20261001T0137Z/night/courier.attempts.jsonl
3-chain-logs-and-harvest/unregistered-attempts/c1-20261001T0137Z/night/courier.heartbeat	/Users/edr/night-custody/d079-epoch-25g83-r6-derivation-c1-20261001T0137Z/night/courier.heartbeat
3-chain-logs-and-harvest/unregistered-attempts/c1-20261001T0137Z/night/courier.json	/Users/edr/night-custody/d079-epoch-25g83-r6-derivation-c1-20261001T0137Z/night/courier.json
3-chain-logs-and-harvest/unregistered-attempts/c1-20261001T0137Z/night/courier.sent	/Users/edr/night-custody/d079-epoch-25g83-r6-derivation-c1-20261001T0137Z/night/courier.sent
3-chain-logs-and-harvest/unregistered-attempts/c1-20261001T0137Z/night/launchd.night.err	/Users/edr/night-custody/d079-epoch-25g83-r6-derivation-c1-20261001T0137Z/night/launchd.night.err
3-chain-logs-and-harvest/unregistered-attempts/c1-20261001T0137Z/night/launchd.night.out	/Users/edr/night-custody/d079-epoch-25g83-r6-derivation-c1-20261001T0137Z/night/launchd.night.out
3-chain-logs-and-harvest/unregistered-attempts/c1-20261001T0137Z/night/network_time_off.json	/Users/edr/night-custody/d079-epoch-25g83-r6-derivation-c1-20261001T0137Z/night/network_time_off.json
3-chain-logs-and-harvest/unregistered-attempts/c1-20261001T0137Z/night/refusal.json	/Users/edr/night-custody/d079-epoch-25g83-r6-derivation-c1-20261001T0137Z/night/refusal.json
3-chain-logs-and-harvest/unregistered-attempts/c1-20261001T0137Z/night/result.json	/Users/edr/night-custody/d079-epoch-25g83-r6-derivation-c1-20261001T0137Z/night/result.json
3-chain-logs-and-harvest/unregistered-attempts/c1-20261001T0137Z/night/start_conditions.json	/Users/edr/night-custody/d079-epoch-25g83-r6-derivation-c1-20261001T0137Z/night/start_conditions.json
3-chain-logs-and-harvest/unregistered-attempts/c1-20261001T0555Z/battery-gate.txt	/Users/edr/night-plan-staging/d079-epoch-25g83-r6-derivation-c1-20261001T0555Z/battery-gate.txt
3-chain-logs-and-harvest/unregistered-attempts/c1-20261001T0555Z/battery-refused-0555Z-attempt.txt	/Users/edr/code/JouleWise-derive-rev6b1/docs/process_traces/2026-09-30-activation-e4df3b93/c1-rearm/battery-refused-0555Z-attempt.txt
4-excluded-members.json	2-candidate/candidate_acceptance_25g83_rev6.json + 2-candidate/r9_campaign.json
5-quantile-proof.json	2-candidate/candidate_acceptance_25g83_rev6.json
6-screen-diagnostics-and-S-vs-C.json	2-candidate/candidate_acceptance_25g83_rev6.json
7-per-window-distribution-order-clock-anchor.json	2-candidate/candidate_acceptance_25g83_rev6.json + member instrument_evidence.json + 2-candidate/r9_campaign.json
8-known-conditions.md	registration lines 262-278
